{"count":1,"self":56.5769344,"total":100.5333363,"children":{"InitializeActuators":{"count":1,"self":0.0029977,"total":0.0029977,"children":null},"InitializeSensors":{"count":1,"self":0.016989399999999998,"total":0.016989399999999998,"children":null},"AgentSendState":{"count":4763,"self":0.11301,"total":0.36308429999999997,"children":{"CollectObservations":{"count":4763,"self":0.16607339999999998,"total":0.16607339999999998,"children":null},"WriteActionMask":{"count":4763,"self":0.017006999999999998,"total":0.017006999999999998,"children":null},"RequestDecision":{"count":4763,"self":0.0669939,"total":0.0669939,"children":null}}},"DecideAction":{"count":4763,"self":42.712224,"total":42.712222499999996,"children":null},"AgentAct":{"count":4763,"self":0.86010809999999993,"total":0.86010809999999993,"children":null}},"gauges":{"Car.CumulativeReward":{"count":2,"max":208.6604,"min":206.648972,"runningAverage":207.6547,"value":208.6604,"weightedAverage":207.151825}},"metadata":{"timer_format_version":"0.1.0","start_time_seconds":"1644389096","unity_version":"2020.3.26f1","command_line_arguments":"C:\\Program Files\\Unity\\Hub\\Editor\\2020.3.26f1\\Editor\\Unity.exe -projectpath E:\/UnityProjects\/MapSensor -useHub -hubIPC -cloudEnvironment production -hubSessionId 69a9a230-8970-11ec-a155-bd348c1de89a -accessToken U9ooFTf9_tQM8rKk6D9ZsTmNBQEc6uHpJrCY4DNBxeg007f","communication_protocol_version":"1.5.0","com.unity.ml-agents_version":"2.1.0-exp.1","scene_name":"1channel","end_time_seconds":"1644389196"}}