{"count":1,"self":376.239488,"total":1121.8205172,"children":{"InitializeActuators":{"count":1,"self":0.0019988,"total":0.0019988,"children":null},"InitializeSensors":{"count":1,"self":1.4913733999999998,"total":1.4913733999999998,"children":null},"AgentSendState":{"count":45153,"self":1.5308061,"total":273.9688155,"children":{"CollectObservations":{"count":45153,"self":2.21718,"total":2.2171799,"children":null},"WriteActionMask":{"count":45153,"self":0.2911204,"total":0.2911204,"children":null},"RequestDecision":{"count":45153,"self":0.9183709,"total":269.92970909999997,"children":{"AgentInfo.ToProto":{"count":45153,"self":0.90394429999999992,"total":269.0113382,"children":{"GenerateSensorData":{"count":45153,"self":268.107392,"total":268.1073939,"children":null}}}}}}},"DecideAction":{"count":45153,"self":461.6182272,"total":461.6182124,"children":null},"AgentAct":{"count":45153,"self":8.2907976,"total":8.4986413,"children":{"AgentInfo.ToProto":{"count":128,"self":0.0019982999999999997,"total":0.2078435,"children":{"GenerateSensorData":{"count":128,"self":0.20584519999999998,"total":0.20584519999999998,"children":null}}}}}},"gauges":{"Car.CumulativeReward":{"count":128,"max":83.005,"min":-0.5360451,"runningAverage":13.4908934,"value":73.97722,"weightedAverage":25.4198227}},"metadata":{"timer_format_version":"0.1.0","start_time_seconds":"1646473332","unity_version":"2020.3.26f1","command_line_arguments":"C:\\Program Files\\Unity\\Hub\\Editor\\2020.3.26f1\\Editor\\Unity.exe -projectpath E:\/UnityProjects\/MapSensor -useHub -hubIPC -cloudEnvironment production -hubSessionId afecd5d0-9c55-11ec-b2e1-85628c6320d6 -accessToken jAfEm3R649CGU55Hx0pRFtpukBrBpfuDpm54r4P7M3U007f","communication_protocol_version":"1.5.0","com.unity.ml-agents_version":"2.1.0-exp.1","scene_name":"4channels","end_time_seconds":"1646474453"}}